DATE,SERIES,OPEN,HIGH,LOW,PREV. CLOSE,LTP,CLOSE,VWAP,52W H,52W L,VOLUME,VALUE,NO. OF  TRADES
22-Apr-2026,EQ,"220.26","232.40","217.65","220.25","232.40","229.62","226.33","376.95","177.84",1735346,"39,27,55,752.93",18608
21-Apr-2026,EQ,"212.25","222.00","212.25","214.39","220.24","220.25","219.74","376.95","177.84",705340,"15,49,92,793.86",9248
20-Apr-2026,EQ,"224.19","224.19","213.50","222.66","214.40","214.39","217.39","376.95","177.84",906600,"19,70,82,983.97",10298
17-Apr-2026,EQ,"228.16","230.20","220.50","228.16","223.31","222.66","224.14","376.95","177.84",984748,"22,07,17,980.25",12968
16-Apr-2026,EQ,"222.01","229.00","220.00","220.81","228.11","228.16","224.71","376.95","177.84",1866779,"41,94,91,879.88",18864
15-Apr-2026,EQ,"211.50","222.69","208.46","205.96","220.06","220.81","216.46","376.95","177.84",1817824,"39,34,80,481.27",19260
13-Apr-2026,EQ,"199.00","207.25","195.73","204.30","206.00","205.96","202.86","376.95","177.84",1116888,"22,65,67,036.80",12226
10-Apr-2026,EQ,"204.99","208.45","201.72","201.77","205.25","204.30","205.15","376.95","154.15",1009300,"20,70,53,010.96",11068
09-Apr-2026,EQ,"201.00","213.24","199.97","201.62","201.32","201.77","205.75","376.95","154.15",1241615,"25,54,65,230.80",15035
08-Apr-2026,EQ,"198.64","203.13","196.89","191.83","202.00","201.62","200.42","376.95","154.15",876831,"17,57,32,697.27",10464
07-Apr-2026,EQ,"193.17","193.17","189.20","193.17","191.50","191.83","191.59","376.95","154.15",383888,"7,35,49,139.11",6064
06-Apr-2026,EQ,"195.00","195.02","186.61","193.50","193.45","193.17","190.99","376.95","154.15",683601,"13,05,61,246.12",10240
02-Apr-2026,EQ,"191.00","194.50","184.49","192.51","193.85","193.50","189.33","376.95","151.00",918878,"17,39,74,207.68",12210
01-Apr-2026,EQ,"187.84","194.00","185.18","179.86","193.00","192.51","190.65","376.95","151.00",893828,"17,04,07,187.69",12110
30-Mar-2026,EQ,"189.75","189.78","177.84","190.21","180.33","179.86","182.48","376.95","151.00",1315804,"24,01,01,582.30",15593
27-Mar-2026,EQ,"199.66","205.78","188.30","201.65","189.99","190.21","192.02","376.95","142.00",1683724,"32,33,09,975.57",18441
25-Mar-2026,EQ,"198.99","205.75","198.50","197.05","201.40","201.65","202.36","376.95","142.00",851170,"17,22,40,871.99",12266
24-Mar-2026,EQ,"193.83","200.70","192.98","189.94","197.25","197.05","197.31","376.95","142.00",1067763,"21,06,76,016.41",14420
23-Mar-2026,EQ,"195.46","197.95","189.00","198.92","190.40","189.94","192.28","376.95","142.00",1318704,"25,35,56,855.61",16443
20-Mar-2026,EQ,"194.99","203.00","194.90","193.86","198.50","198.92","200.03","376.95","142.00",681428,"13,63,02,770.71",9753
19-Mar-2026,EQ,"198.00","199.70","192.00","201.74","194.40","193.86","195.29","376.95","142.00",623382,"12,17,43,260.83",9853
18-Mar-2026,EQ,"199.90","206.00","198.64","197.89","200.84","201.74","202.26","376.95","142.00",933225,"18,87,56,158.32",13389
17-Mar-2026,EQ,"201.00","202.10","196.23","201.07","198.35","197.89","198.37","376.95","142.00",666906,"13,22,94,097.11",9199
16-Mar-2026,EQ,"195.20","206.35","192.68","195.15","200.59","201.07","200.13","376.95","142.00",1358248,"27,18,25,323.38",18990
13-Mar-2026,EQ,"204.20","204.75","194.00","203.92","195.00","195.15","197.80","376.95","142.00",547604,"10,83,13,657.77",8262
12-Mar-2026,EQ,"201.95","207.00","198.00","202.88","204.19","203.92","203.82","376.95","142.00",513952,"10,47,54,136.01",9574
11-Mar-2026,EQ,"203.53","210.70","201.50","201.25","202.90","202.88","204.90","376.95","142.00",1340896,"27,47,50,273.79",12789
10-Mar-2026,EQ,"199.85","201.80","195.20","195.87","201.10","201.25","198.40","376.95","142.00",513236,"10,18,26,949.07",7906
09-Mar-2026,EQ,"194.50","197.00","190.00","198.69","195.00","195.87","193.44","376.95","142.00",695441,"13,45,23,018.79",9633
06-Mar-2026,EQ,"194.00","201.40","192.53","196.98","196.55","198.69","197.31","376.95","135.49",824357,"16,26,51,404.04",10149
05-Mar-2026,EQ,"199.00","201.97","194.00","198.36","195.20","196.98","197.13","376.95","135.49",787901,"15,53,21,509.97",8895
04-Mar-2026,EQ,"200.00","203.93","196.00","204.36","199.00","198.36","199.65","376.95","135.49",691373,"13,80,34,934.16",10263
02-Mar-2026,EQ,"193.00","205.91","193.00","202.45","204.50","204.36","202.01","376.95","135.49",790656,"15,97,22,720.77",10542
27-Feb-2026,EQ,"207.75","209.80","201.50","207.75","203.90","202.45","204.46","376.95","135.49",995894,"20,36,20,722.35",13965
26-Feb-2026,EQ,"194.95","209.50","193.70","193.35","207.95","207.75","202.74","376.95","135.49",1813935,"36,77,54,380.10",22681
25-Feb-2026,EQ,"192.25","200.65","191.00","190.20","193.90","193.35","196.38","376.95","135.49",1418531,"27,85,65,133.75",17475
24-Feb-2026,EQ,"197.00","198.00","187.60","196.90","190.10","190.20","191.57","376.95","135.49",1444409,"27,67,02,914.25",20356
23-Feb-2026,EQ,"197.45","207.95","194.60","195.30","196.95","196.90","201.39","376.95","135.49",2220025,"44,70,97,411.05",33570
20-Feb-2026,EQ,"204.95","205.50","193.70","204.50","196.45","195.30","199.36","376.95","135.49",1242662,"24,77,32,171.40",14981
19-Feb-2026,EQ,"214.90","215.90","203.35","214.15","203.90","204.50","208.11","376.95","135.49",912505,"18,99,02,944.25",13861
18-Feb-2026,EQ,"216.10","217.85","212.80","215.05","214.85","214.15","214.89","376.95","135.49",639176,"13,73,50,296.35",8097
17-Feb-2026,EQ,"216.25","218.00","213.60","216.25","214.50","215.05","216.00","376.95","135.49",750183,"16,20,36,792.10",8792
16-Feb-2026,EQ,"222.00","224.80","215.30","221.95","215.75","216.25","218.73","376.95","135.49",805044,"17,60,85,999.70",12106
13-Feb-2026,EQ,"232.00","232.20","221.00","234.05","224.30","221.95","225.60","376.95","135.49",660272,"14,89,55,894.00",10284
12-Feb-2026,EQ,"239.50","239.50","232.00","237.10","233.70","234.05","234.58","376.95","135.49",293748,"6,89,07,022.35",4484
11-Feb-2026,EQ,"242.00","243.00","234.60","242.25","236.50","237.10","236.99","376.95","135.49",442510,"10,48,68,344.65",7607
10-Feb-2026,EQ,"241.45","244.85","240.10","241.55","242.80","242.25","242.57","376.95","135.49",329368,"7,98,94,615.00",6777
09-Feb-2026,EQ,"235.10","244.70","234.05","232.60","243.00","241.55","240.60","376.95","135.49",816886,"19,65,45,309.05",12323
06-Feb-2026,EQ,"241.75","241.75","230.95","241.95","232.85","232.60","234.62","376.95","135.49",723097,"16,96,54,644.50",13896
05-Feb-2026,EQ,"250.00","255.80","237.30","262.55","241.35","241.95","243.42","376.95","135.49",2058306,"50,10,31,120.05",25120
04-Feb-2026,EQ,"251.95","265.00","249.00","250.30","262.50","262.55","258.45","376.95","135.49",951299,"24,58,67,259.70",16583
03-Feb-2026,EQ,"254.00","254.00","243.65","241.00","250.00","250.30","249.11","376.95","135.49",703154,"17,51,60,404.10",14111
02-Feb-2026,EQ,"243.30","244.00","226.60","243.10","239.10","241.00","235.10","376.95","135.49",862364,"20,27,39,591.75",16298
01-Feb-2026,EQ,"253.15","256.35","236.65","253.15","243.30","243.10","247.12","376.95","135.49",434015,"10,72,55,410.35",9557
30-Jan-2026,EQ,"248.80","255.70","244.30","250.10","252.00","253.15","251.31","376.95","135.49",652130,"16,38,83,610.60",11107
29-Jan-2026,EQ,"262.95","263.95","245.75","259.90","250.00","250.10","252.15","376.95","135.49",612185,"15,43,65,164.95",10134
28-Jan-2026,EQ,"253.70","264.55","247.85","251.90","263.10","259.90","254.32","376.95","135.49",766360,"19,49,01,452.10",11777
27-Jan-2026,EQ,"258.15","259.45","247.00","260.85","254.15","251.90","252.23","376.95","135.49",716751,"18,07,84,520.60",11506
23-Jan-2026,EQ,"271.95","271.95","254.10","270.25","256.70","260.85","264.99","376.95","135.49",777595,"20,60,51,778.85",12994
22-Jan-2026,EQ,"260.25","271.85","260.25","257.00","268.55","270.25","267.34","376.95","135.49",570654,"15,25,56,759.00",10748
21-Jan-2026,EQ,"259.95","263.80","254.05","261.70","257.75","257.00","259.12","376.95","135.49",544975,"14,12,12,996.75",10961
20-Jan-2026,EQ,"270.05","272.45","260.00","269.45","263.30","261.70","266.28","376.95","135.49",593215,"15,79,59,744.35",10992
19-Jan-2026,EQ,"270.00","272.90","267.35","270.45","268.15","269.45","270.43","376.95","135.49",395522,"10,69,60,513.10",7813
16-Jan-2026,EQ,"274.45","276.80","269.30","274.45","270.70","270.45","272.53","376.95","135.49",395506,"10,77,87,984.65",7905
14-Jan-2026,EQ,"275.10","277.00","269.25","273.75","273.90","274.45","273.38","376.95","135.49",443380,"12,12,13,073.05",7907
13-Jan-2026,EQ,"274.95","285.95","270.30","274.55","274.95","273.75","276.81","376.95","135.49",872103,"24,14,10,616.10",19362
12-Jan-2026,EQ,"270.45","280.00","261.80","270.45","276.00","274.55","269.06","376.95","135.49",983021,"26,44,93,241.30",21759
09-Jan-2026,EQ,"281.00","281.90","267.10","280.30","271.90","270.45","272.93","376.95","135.49",1006466,"27,46,92,134.75",23325
08-Jan-2026,EQ,"294.50","295.75","276.20","294.25","281.00","280.30","284.46","376.95","135.49",577128,"16,41,71,069.20",13125
07-Jan-2026,EQ,"288.70","295.70","288.70","294.90","294.50","294.25","292.69","376.95","135.49",315520,"9,23,49,355.65",9386
06-Jan-2026,EQ,"300.85","301.65","292.55","300.10","295.20","294.90","295.27","376.95","135.49",327271,"9,66,34,908.10",6455
05-Jan-2026,EQ,"305.15","307.30","299.00","304.55","301.20","300.10","302.42","376.95","135.49",435914,"13,18,29,546.05",7507
02-Jan-2026,EQ,"304.40","306.00","296.80","303.05","305.00","304.55","301.84","376.95","135.49",775679,"23,41,27,390.75",10339
01-Jan-2026,EQ,"290.05","304.80","290.00","290.45","303.60","303.05","298.79","376.95","135.49",888506,"26,54,79,053.90",14632
31-Dec-2025,EQ,"282.40","298.55","281.00","281.35","291.00","290.45","292.37","376.95","135.49",1215180,"35,52,76,200.35",19129
30-Dec-2025,EQ,"281.40","288.90","279.00","281.40","281.00","281.35","281.78","376.95","135.49",568812,"16,02,77,060.45",10187
29-Dec-2025,EQ,"282.55","289.70","278.05","289.90","282.85","281.40","282.78","376.95","135.49",1113495,"31,48,78,851.90",17277
26-Dec-2025,EQ,"298.75","299.85","289.00","297.30","290.60","289.90","292.92","376.95","135.49",691202,"20,24,69,438.25",10837
24-Dec-2025,EQ,"304.35","307.75","296.20","302.20","298.30","297.30","301.10","376.95","135.49",545192,"16,41,57,755.85",8757
23-Dec-2025,EQ,"309.00","313.00","299.00","308.65","303.00","302.20","304.00","376.95","135.49",533592,"16,22,09,584.30",9908
22-Dec-2025,EQ,"310.00","311.25","306.15","308.95","308.00","308.65","308.53","376.95","135.49",347740,"10,72,89,188.80",5975
19-Dec-2025,EQ,"304.40","313.95","304.40","303.10","309.85","308.95","307.44","376.95","135.49",335026,"10,29,98,902.80",6025
18-Dec-2025,EQ,"304.00","305.25","298.70","304.75","303.90","303.10","302.53","376.95","135.49",372401,"11,26,63,613.80",8114
17-Dec-2025,EQ,"308.50","312.20","303.25","309.20","305.15","304.75","306.88","376.95","135.49",310210,"9,51,97,995.25",6744
16-Dec-2025,EQ,"314.70","316.05","308.00","314.85","308.50","309.20","312.42","376.95","135.49",352149,"11,00,18,939.75",5561
15-Dec-2025,EQ,"318.80","318.80","311.10","320.00","315.25","314.85","314.48","376.95","135.49",529510,"16,65,21,875.05",13257
12-Dec-2025,EQ,"309.80","322.95","307.55","307.80","320.50","320.00","316.25","376.95","135.49",783297,"24,77,19,386.55",12997
11-Dec-2025,EQ,"304.95","309.70","300.75","304.95","307.70","307.80","306.22","376.95","135.49",456520,"13,97,93,507.50",8904
10-Dec-2025,EQ,"303.20","315.00","303.00","303.20","303.20","304.95","308.41","376.95","135.49",751743,"23,18,47,954.00",14220
09-Dec-2025,EQ,"300.60","305.80","290.85","300.80","303.30","303.20","297.94","376.95","135.49",882566,"26,29,54,509.85",18986
08-Dec-2025,EQ,"308.35","310.00","297.20","308.70","301.90","300.80","302.41","376.95","135.49",771987,"23,34,56,073.95",11692
05-Dec-2025,EQ,"311.75","315.70","305.55","311.30","310.00","308.70","310.97","376.95","135.49",843794,"26,23,92,983.40",15675
04-Dec-2025,EQ,"322.80","322.80","310.10","321.75","311.00","311.30","314.66","376.95","135.49",644736,"20,28,73,932.00",12303
03-Dec-2025,EQ,"325.00","326.60","314.00","324.50","320.10","321.75","318.87","376.95","135.49",593124,"18,91,26,869.65",10854
02-Dec-2025,EQ,"335.95","339.55","322.15","334.35","324.00","324.50","326.99","376.95","135.49",682346,"22,31,20,172.45",13318
01-Dec-2025,EQ,"332.95","340.90","331.55","332.25","335.90","334.35","336.29","376.95","135.49",493853,"16,60,79,460.70",9921
28-Nov-2025,EQ,"333.85","343.25","331.10","331.35","332.50","332.25","336.45","376.95","135.49",737341,"24,80,79,645.00",11631
27-Nov-2025,EQ,"341.15","341.50","329.50","338.90","332.35","331.35","333.14","376.95","135.49",512301,"17,06,67,647.70",9125
26-Nov-2025,EQ,"325.20","344.90","325.20","324.90","338.80","338.90","338.53","376.95","135.49",1416191,"47,94,18,026.95",22523
25-Nov-2025,EQ,"330.45","330.90","322.05","330.05","327.00","324.90","326.21","376.95","135.49",585729,"19,10,68,423.50",14812
24-Nov-2025,EQ,"338.40","339.90","327.40","338.00","329.40","330.05","331.56","376.95","135.49",563044,"18,66,84,792.95",11543
21-Nov-2025,EQ,"346.50","349.00","335.35","344.85","338.45","338.00","340.97","376.95","135.49",784580,"26,75,19,658.30",14585
20-Nov-2025,EQ,"359.35","359.35","342.80","359.40","345.00","344.85","350.35","376.95","135.49",857000,"30,02,46,623.85",12776
19-Nov-2025,EQ,"355.50","362.85","350.00","355.70","358.80","359.40","358.60","376.95","135.49",1157260,"41,49,92,369.85",16252
18-Nov-2025,EQ,"354.35","363.40","347.25","351.30","352.65","355.70","357.14","376.95","135.49",1740223,"62,14,95,391.70",26853
17-Nov-2025,EQ,"354.00","354.75","342.60","353.65","351.95","351.30","348.91","376.95","135.49",1180410,"41,18,61,003.25",19757
14-Nov-2025,EQ,"369.45","370.35","351.00","371.60","355.00","353.65","358.86","376.95","135.49",1744063,"62,58,80,045.90",24293
13-Nov-2025,EQ,"358.00","376.95","354.25","356.40","369.50","371.60","366.86","376.95","135.49",6924073,"2,54,01,38,386.45",90337
12-Nov-2025,EQ,"320.35","363.00","320.00","314.45","354.30","356.40","353.92","363.00","135.49",14519762,"5,13,87,77,239.05",156889
11-Nov-2025,EQ,"313.45","316.60","310.00","313.05","313.95","314.45","313.58","330.35","135.49",556867,"17,46,24,210.00",9049
10-Nov-2025,EQ,"320.00","321.80","309.80","317.40","312.10","313.05","314.55","330.35","135.49",714245,"22,46,69,334.40",11465
07-Nov-2025,EQ,"319.70","320.00","309.50","320.25","315.80","317.40","313.75","330.35","135.49",1100710,"34,53,49,011.85",16037
06-Nov-2025,EQ,"312.05","330.35","312.05","315.25","319.00","320.25","323.04","330.35","135.49",2536149,"81,92,87,810.15",56287
04-Nov-2025,EQ,"321.75","324.90","313.00","320.00","316.00","315.25","319.84","324.90","135.49",831854,"26,60,58,000.00",12380
03-Nov-2025,EQ,"312.00","322.05","309.00","311.55","320.60","320.00","316.93","324.45","135.49",962968,"30,51,92,863.35",13034
31-Oct-2025,EQ,"311.20","319.80","310.10","311.20","311.05","311.55","313.73","324.45","135.49",885445,"27,77,90,418.35",11861
30-Oct-2025,EQ,"316.45","318.75","309.95","314.60","311.20","311.20","313.82","324.45","135.49",688319,"21,60,06,191.15",10767
29-Oct-2025,EQ,"324.00","324.45","313.05","318.10","314.85","314.60","318.68","324.45","135.49",1133587,"36,12,48,076.70",16263
28-Oct-2025,EQ,"318.55","324.00","313.05","317.00","317.05","318.10","318.43","324.00","135.49",2768140,"88,14,64,290.55",51176
27-Oct-2025,EQ,"304.70","318.80","297.50","301.65","317.80","317.00","311.20","318.80","135.49",4304306,"1,33,94,89,393.55",71978
24-Oct-2025,EQ,"299.20","304.00","298.15","299.20","302.90","301.65","300.97","316.40","135.49",634648,"19,10,11,502.00",15921
23-Oct-2025,EQ,"301.95","305.50","298.50","302.80","299.35","299.20","300.85","316.40","135.49",852362,"25,64,33,170.00",17639
21-Oct-2025,EQ,"302.40","310.95","300.15","301.70","301.90","302.80","305.01","316.40","135.49",564825,"17,22,78,898.15",12111
20-Oct-2025,EQ,"286.40","302.95","285.30","285.25","301.35","301.70","298.49","316.40","135.49",3007737,"89,77,75,761.50",57417
17-Oct-2025,EQ,"287.00","291.80","283.05","286.55","285.25","285.25","287.26","316.40","135.49",2034595,"58,44,50,464.85",50341
16-Oct-2025,EQ,"264.65","289.00","263.85","263.65","286.10","286.55","281.51","316.40","135.49",3384164,"95,26,84,520.20",61448
15-Oct-2025,EQ,"266.80","268.55","258.80","265.05","264.40","263.65","262.35","316.40","135.49",1575205,"41,32,49,421.95",37857
14-Oct-2025,EQ,"278.20","278.20","263.25","277.15","264.50","265.05","267.81","316.40","135.49",754302,"20,20,08,930.20",18839
13-Oct-2025,EQ,"277.80","280.00","272.50","278.75","276.35","277.15","276.19","316.40","135.49",427687,"11,81,21,098.45",16759
10-Oct-2025,EQ,"275.40","281.60","275.40","276.05","278.90","278.75","278.87","316.40","135.49",508688,"14,18,56,777.15",12651
09-Oct-2025,EQ,"291.60","291.60","273.25","290.10","274.65","276.05","278.60","316.40","135.49",1159926,"32,31,50,197.15",28761
08-Oct-2025,EQ,"283.95","294.40","279.00","283.15","288.85","290.10","288.30","316.40","135.49",1533721,"44,21,64,503.00",32224
07-Oct-2025,EQ,"278.75","285.00","277.50","279.30","282.45","283.15","281.72","316.40","135.49",694300,"19,55,94,920.20",16215
06-Oct-2025,EQ,"282.00","282.80","274.75","282.00","279.00","279.30","279.32","316.40","135.49",589664,"16,47,07,194.75",13841
03-Oct-2025,EQ,"277.45","284.40","275.15","276.75","282.10","282.00","280.50","316.40","135.49",1291012,"36,21,31,200.40",29753
01-Oct-2025,EQ,"261.10","278.40","261.10","259.67","276.60","276.75","272.51","316.40","135.49",2246999,"61,23,22,688.40",44333
30-Sep-2025,EQ,"264.99","267.51","257.40","263.51","260.90","259.67","261.86","316.40","135.49",803049,"21,02,87,458.70",22004
29-Sep-2025,EQ,"268.60","273.70","261.23","269.67","264.50","263.51","266.52","316.40","135.49",592399,"15,78,85,392.93",18632
26-Sep-2025,EQ,"274.20","278.59","267.00","274.50","269.70","269.67","271.79","316.40","135.49",710475,"19,31,00,036.75",21931
25-Sep-2025,EQ,"280.00","283.41","272.32","280.98","276.40","274.50","277.08","316.40","135.49",701268,"19,43,03,915.56",20360
24-Sep-2025,EQ,"290.90","293.30","280.00","290.94","280.49","280.98","284.18","316.40","135.49",652329,"18,53,80,795.35",19157
23-Sep-2025,EQ,"293.00","293.60","288.68","291.39","289.85","290.94","291.21","316.40","135.49",722023,"21,02,58,451.07",18778
22-Sep-2025,EQ,"294.00","298.59","289.35","294.14","290.70","291.39","293.90","316.40","135.49",1683591,"49,48,09,482.08",63623
19-Sep-2025,EQ,"299.00","306.00","293.10","298.36","295.00","294.14","298.62","316.40","135.49",1381484,"41,25,36,068.33",27191
18-Sep-2025,EQ,"291.00","309.80","290.10","290.61","300.90","298.36","301.62","316.40","135.49",3523544,"1,06,27,55,650.08",55382
17-Sep-2025,EQ,"292.98","294.96","287.00","293.05","290.50","290.61","290.36","316.40","135.49",1136627,"33,00,26,039.95",29974
16-Sep-2025,EQ,"299.00","302.69","292.00","298.02","293.00","293.05","296.29","316.40","135.49",1765093,"52,29,75,100.99",30277
15-Sep-2025,EQ,"279.90","316.40","279.00","277.32","298.90","298.02","304.56","316.40","135.49",13543021,"4,12,46,53,839.05",167806
12-Sep-2025,EQ,"273.05","284.70","272.01","271.19","278.49","277.32","279.05","284.70","135.49",2803902,"78,24,32,907.37",45213
11-Sep-2025,EQ,"265.00","273.50","265.00","264.46","272.00","271.19","270.44","273.50","135.49",1842095,"49,81,78,043.44",34974
10-Sep-2025,EQ,"263.05","266.30","260.46","261.88","264.00","264.46","263.62","270.57","135.49",684995,"18,05,75,901.12",15941
09-Sep-2025,EQ,"269.50","270.57","260.45","268.02","262.45","261.88","264.62","270.57","135.49",1095724,"28,99,55,484.37",28106
08-Sep-2025,EQ,"251.02","269.70","249.85","250.53","268.51","268.02","264.76","269.70","135.49",3314593,"87,75,58,931.90",53416
05-Sep-2025,EQ,"245.75","252.00","240.11","243.46","251.00","250.53","247.01","263.30","135.49",669261,"16,53,13,041.88",17188
04-Sep-2025,EQ,"256.00","263.30","242.10","245.02","245.88","243.46","253.96","263.30","135.49",2474772,"62,84,86,589.83",44375
03-Sep-2025,EQ,"248.00","249.90","242.54","246.00","246.00","245.02","246.20","261.20","135.49",898918,"22,13,15,544.28",17866
02-Sep-2025,EQ,"231.25","247.70","230.21","230.18","245.75","246.00","243.05","261.20","135.49",1238894,"30,11,14,111.85",24281
01-Sep-2025,EQ,"226.10","232.50","226.10","226.78","230.80","230.18","229.35","261.20","135.49",333342,"7,64,51,392.25",8923
29-Aug-2025,EQ,"231.99","234.60","225.50","230.55","229.20","226.78","229.90","261.20","135.49",272818,"6,27,22,155.22",9454
28-Aug-2025,EQ,"231.00","235.15","225.45","228.68","230.79","230.55","231.34","261.20","135.49",503304,"11,64,32,962.77",14112
26-Aug-2025,EQ,"230.76","233.42","227.50","230.77","227.91","228.68","230.36","261.20","135.49",338458,"7,79,65,615.49",8902
25-Aug-2025,EQ,"237.00","237.59","230.01","236.02","230.24","230.77","232.50","261.20","135.49",200304,"4,65,71,605.54",5987
22-Aug-2025,EQ,"239.51","241.57","235.00","240.59","235.98","236.02","237.69","261.20","135.49",413671,"9,83,27,061.47",11537
21-Aug-2025,EQ,"245.10","247.00","239.01","244.03","239.35","240.59","242.93","261.20","135.49",613481,"14,90,30,652.09",13937
20-Aug-2025,EQ,"228.05","246.44","227.50","228.25","245.11","244.03","239.51","261.20","135.49",1466417,"35,12,24,962.09",28021
19-Aug-2025,EQ,"227.99","230.50","224.65","226.38","230.07","228.25","227.01","261.20","135.49",386712,"8,77,88,128.38",9718
18-Aug-2025,EQ,"216.50","228.61","216.00","212.41","226.00","226.38","223.89","261.20","135.49",1055971,"23,64,24,123.47",20764
14-Aug-2025,EQ,"220.00","220.00","211.60","218.35","212.40","212.41","214.38","261.20","135.49",284427,"6,09,76,370.53",7383
13-Aug-2025,EQ,"220.80","225.00","217.60","220.39","218.39","218.35","219.15","261.20","135.49",324854,"7,11,93,115.64",12739
12-Aug-2025,EQ,"222.00","225.00","219.50","220.52","220.80","220.39","221.86","261.20","135.49",323671,"7,18,09,574.89",9351
11-Aug-2025,EQ,"227.97","229.99","219.30","227.48","221.00","220.52","223.14","261.20","135.49",467944,"10,44,16,948.15",11167
08-Aug-2025,EQ,"234.00","236.29","226.18","233.31","227.40","227.48","231.10","261.20","135.49",408025,"9,42,96,491.74",8060
07-Aug-2025,EQ,"232.01","234.00","225.00","234.75","233.00","233.31","230.46","261.20","135.49",623876,"14,37,77,352.61",14281
06-Aug-2025,EQ,"234.85","239.79","227.75","234.85","235.38","234.75","232.62","261.20","135.49",755555,"17,57,53,942.51",14716
05-Aug-2025,EQ,"240.00","242.07","233.55","239.80","234.85","234.85","237.51","261.20","135.49",401502,"9,53,60,232.51",7702
04-Aug-2025,EQ,"240.99","244.09","238.00","238.79","240.40","239.80","240.67","261.20","135.49",413936,"9,96,20,488.94",10196
01-Aug-2025,EQ,"245.52","251.95","236.35","245.94","238.96","238.79","245.82","261.20","135.49",795630,"19,55,85,038.01",16140
31-Jul-2025,EQ,"244.00","249.45","241.20","247.76","246.10","245.94","246.52","261.20","135.49",496392,"12,23,72,829.91",10877
30-Jul-2025,EQ,"254.00","254.32","244.68","252.42","246.23","247.76","248.62","261.20","135.49",733680,"18,24,06,008.87",13844
29-Jul-2025,EQ,"249.00","253.98","245.21","248.22","252.99","252.42","249.38","261.20","135.49",672320,"16,76,65,564.17",16145
28-Jul-2025,EQ,"251.49","255.59","245.63","251.05","248.70","248.22","250.12","261.20","135.49",949144,"23,73,97,801.21",18370
25-Jul-2025,EQ,"253.86","257.00","250.00","254.10","251.50","251.05","253.03","261.20","135.49",900857,"22,79,43,098.46",22723
24-Jul-2025,EQ,"254.79","261.20","250.51","253.59","254.02","254.10","255.65","261.20","135.49",2528609,"64,64,31,412.93",36398
23-Jul-2025,EQ,"244.10","255.00","240.87","243.10","253.40","253.59","249.52","258.00","135.49",2194278,"54,75,10,017.52",32809
22-Jul-2025,EQ,"249.45","251.68","235.60","253.66","243.98","243.10","244.64","258.00","135.49",2673049,"65,39,23,786.04",43423
21-Jul-2025,EQ,"257.14","257.14","249.44","255.17","254.00","253.66","252.82","258.00","135.49",1365966,"34,53,44,864.69",25967
18-Jul-2025,EQ,"252.79","258.00","248.52","251.02","255.00","255.17","254.79","258.00","135.49",2917740,"74,34,23,850.97",38657
17-Jul-2025,EQ,"238.10","254.06","237.51","237.96","250.88","251.02","248.80","254.06","135.49",4734562,"1,17,79,79,871.98",61060
16-Jul-2025,EQ,"238.39","244.30","236.01","237.48","237.41","237.96","240.36","244.30","135.49",1379481,"33,15,74,453.21",22342
15-Jul-2025,EQ,"227.58","239.00","227.15","227.58","238.50","237.48","235.06","242.00","135.49",1262338,"29,67,30,967.01",19732
14-Jul-2025,EQ,"233.00","233.00","226.41","233.01","227.00","227.58","229.18","242.00","135.49",547577,"12,54,93,121.32",12479
11-Jul-2025,EQ,"237.06","239.50","230.40","237.08","231.50","233.01","235.52","242.00","135.49",798714,"18,81,11,807.62",11528
10-Jul-2025,EQ,"238.00","239.84","235.95","236.87","237.00","237.08","236.90","242.00","135.49",690473,"16,35,73,623.48",10906
09-Jul-2025,EQ,"235.74","242.00","233.76","236.66","237.30","236.87","238.63","242.00","135.49",1636273,"39,04,57,416.78",25996
08-Jul-2025,EQ,"230.87","239.50","228.05","231.34","234.80","236.66","235.05","240.60","135.49",1741600,"40,93,62,407.26",23360
07-Jul-2025,EQ,"232.97","240.60","229.10","231.50","229.30","231.34","235.92","240.60","135.49",4006204,"94,51,40,598.16",53031
04-Jul-2025,EQ,"223.55","233.35","223.16","223.66","231.70","231.50","229.75","236.70","135.49",2499819,"57,43,26,005.32",35172
03-Jul-2025,EQ,"223.05","228.35","221.31","224.05","223.00","223.66","224.97","236.70","135.49",733059,"16,49,13,413.52",14064
02-Jul-2025,EQ,"225.97","227.50","221.00","224.60","224.00","224.05","223.75","236.70","135.49",892902,"19,97,82,819.76",13815
01-Jul-2025,EQ,"222.80","227.00","221.22","221.80","223.65","224.60","224.23","236.70","135.49",1084454,"24,31,63,679.42",17723
30-Jun-2025,EQ,"223.35","225.60","217.57","222.69","222.38","221.80","221.10","236.70","135.49",779071,"17,22,52,073.85",13699
27-Jun-2025,EQ,"226.00","227.50","222.00","224.50","222.15","222.69","224.29","236.70","135.49",783806,"17,58,03,283.13",15568
26-Jun-2025,EQ,"230.20","232.19","222.30","227.89","224.65","224.50","226.88","236.70","135.49",1511865,"34,30,06,446.64",22653
25-Jun-2025,EQ,"217.00","231.60","215.30","213.36","228.80","227.89","227.54","236.70","135.49",6687219,"1,52,15,79,483.33",79583
24-Jun-2025,EQ,"213.40","218.00","212.20","211.11","213.37","213.36","214.07","236.70","135.49",656779,"14,05,96,875.41",11714
23-Jun-2025,EQ,"210.13","212.47","207.10","211.17","210.20","211.11","209.38","236.70","135.49",477791,"10,00,39,915.96",8510
20-Jun-2025,EQ,"210.00","214.90","209.13","209.99","211.19","211.17","211.80","236.70","135.49",639233,"13,53,91,818.62",11815
19-Jun-2025,EQ,"218.00","218.61","207.79","217.07","209.82","209.99","212.11","236.70","135.49",1054689,"22,37,15,289.40",16996
18-Jun-2025,EQ,"218.90","223.60","214.50","219.89","217.00","217.07","218.31","236.70","135.49",1013353,"22,12,27,924.03",18897
17-Jun-2025,EQ,"227.00","229.14","217.90","225.80","218.90","219.89","223.04","236.70","135.49",2445487,"54,54,38,684.04",36284
16-Jun-2025,EQ,"212.30","227.30","208.81","214.28","226.02","225.80","222.71","236.70","135.49",3446083,"76,74,69,018.67",38387
13-Jun-2025,EQ,"208.47","215.84","206.00","211.16","214.20","214.28","211.98","236.70","135.49",557032,"11,80,77,006.73",11695
12-Jun-2025,EQ,"217.50","218.64","207.52","216.61","212.00","211.16","213.01","236.70","135.49",660897,"14,07,76,409.84",12548
11-Jun-2025,EQ,"216.95","221.75","214.00","216.09","216.25","216.61","218.14","236.70","135.49",949091,"20,70,39,166.80",16445
10-Jun-2025,EQ,"221.00","222.00","213.70","217.01","216.40","216.09","217.67","236.70","135.49",1327369,"28,89,22,199.60",17817
09-Jun-2025,EQ,"213.00","218.20","211.85","211.85","218.20","217.01","215.79","236.70","135.49",768287,"16,57,86,835.72",10157
06-Jun-2025,EQ,"214.00","215.84","211.10","215.42","212.24","211.85","213.21","236.70","135.49",269034,"5,73,60,075.94",5880
05-Jun-2025,EQ,"211.50","219.70","211.09","211.37","214.60","215.42","215.83","236.70","135.49",1371236,"29,59,59,295.96",19461
04-Jun-2025,EQ,"210.40","213.50","209.15","209.32","210.74","211.37","211.54","236.70","135.49",429091,"9,07,71,996.84",8033
03-Jun-2025,EQ,"206.77","213.40","204.87","205.77","208.95","209.32","209.11","236.70","135.49",854683,"17,87,25,784.66",14110
02-Jun-2025,EQ,"210.89","211.94","205.30","210.86","206.00","205.77","207.20","236.70","135.49",585166,"12,12,47,665.48",10397
30-May-2025,EQ,"217.50","218.20","210.00","216.56","211.96","210.86","212.49","236.70","135.49",888890,"18,88,79,572.43",15001
29-May-2025,EQ,"209.99","220.00","209.99","209.94","216.80","216.56","217.08","236.70","135.49",2089646,"45,36,14,941.35",29291
28-May-2025,EQ,"210.99","212.90","209.10","210.67","209.78","209.94","210.52","236.70","135.49",317623,"6,68,65,026.09",6146
27-May-2025,EQ,"212.99","212.99","210.15","211.74","210.80","210.67","211.38","236.70","135.49",238136,"5,03,36,759.81",4339
26-May-2025,EQ,"210.20","216.00","210.20","209.15","211.25","211.74","213.27","236.70","135.49",487506,"10,39,71,930.99",10282
23-May-2025,EQ,"213.69","214.21","208.47","212.80","209.00","209.15","211.27","236.70","135.49",543655,"11,48,56,893.01",10125
22-May-2025,EQ,"212.85","215.25","211.35","213.73","212.05","212.80","213.18","236.70","135.49",333247,"7,10,41,819.70",7881
21-May-2025,EQ,"214.11","217.39","212.31","215.37","214.95","213.73","214.69","236.70","135.49",388558,"8,34,19,825.54",7747
20-May-2025,EQ,"220.10","221.72","215.00","218.92","215.20","215.37","217.36","236.70","135.49",740672,"16,09,90,898.75",12717
19-May-2025,EQ,"215.00","221.10","212.41","214.51","221.10","218.92","216.85","236.70","135.49",1134875,"24,60,95,796.60",16874
16-May-2025,EQ,"212.50","217.00","210.43","212.45","214.40","214.51","213.70","236.70","135.49",1031254,"22,03,78,376.69",14791
15-May-2025,EQ,"211.50","218.49","209.10","210.44","212.50","212.45","214.61","236.70","135.49",1782558,"38,25,47,254.34",27111
14-May-2025,EQ,"205.70","211.50","203.10","204.84","211.25","210.44","207.47","236.70","135.49",1124745,"23,33,54,547.89",15376
13-May-2025,EQ,"201.10","205.60","198.60","201.75","204.61","204.84","203.04","236.70","135.49",896182,"18,19,56,771.02",15013
12-May-2025,EQ,"199.05","203.89","197.70","190.06","201.51","201.75","200.48","236.70","135.49",936794,"18,78,05,201.51",16322
09-May-2025,EQ,"188.00","193.13","186.94","195.13","192.65","190.06","189.74","236.70","135.49",1272007,"24,13,52,990.18",21227
08-May-2025,EQ,"198.10","211.50","194.00","198.09","194.00","195.13","202.72","236.70","135.49",2716192,"55,06,15,128.50",46264
07-May-2025,EQ,"193.50","203.28","192.38","195.41","199.00","198.09","197.95","236.70","135.49",1981289,"39,21,96,379.57",41627
06-May-2025,EQ,"206.09","207.99","194.00","208.10","194.20","195.41","201.17","236.70","135.49",2041111,"41,06,09,497.99",32479
05-May-2025,EQ,"186.50","212.70","186.00","182.02","206.09","208.10","204.01","236.70","135.49",12087709,"2,46,60,63,498.05",118527
02-May-2025,EQ,"180.02","184.39","180.00","179.89","182.01","182.02","181.87","236.70","135.49",507843,"9,23,60,342.27",13588
30-Apr-2025,EQ,"184.00","184.00","179.00","182.50","180.00","179.89","180.95","236.70","135.49",316345,"5,72,44,062.10",10396
29-Apr-2025,EQ,"184.00","187.50","181.00","184.52","182.80","182.50","183.84","236.70","135.49",358366,"6,58,80,250.42",8913
28-Apr-2025,EQ,"186.00","187.52","182.80","184.30","184.41","184.52","184.85","236.70","135.49",342362,"6,32,84,806.82",9450
25-Apr-2025,EQ,"190.11","192.94","180.60","190.59","183.50","184.30","184.82","236.70","135.49",628314,"11,61,25,066.46",16799
24-Apr-2025,EQ,"190.00","192.70","188.23","190.45","190.11","190.59","190.87","236.70","135.49",425759,"8,12,65,134.53",9422
23-Apr-2025,EQ,"192.70","192.70","188.01","192.53","189.50","190.45","189.93","236.70","135.49",664990,"12,63,04,331.96",14026